,Unnamed: 0,x,y
0,0,127.0137248,37.55578326
13,13,127.0104202,37.56244413
14,14,127.0108362,37.56411607
20,20,127.0104104,37.5643792
59,59,127.0113536,37.56119166
151,151,127.0119032,37.56107682
26,26,127.0124206,37.56080691
56,56,127.0109232,37.56136469
64,64,127.0106216,37.56165448
51,51,127.0105134,37.56194317
169,169,127.0103655,37.56223483
0,0,127.0137248,37.55578326
4,4,127.0103552,37.56335459
170,170,127.0105075,37.56464715
0,0,127.0137248,37.55578326
